kinopoiskId,close
300,"[1285, 430, 2422, 412, 2260]"
301,"[1279, 2022, 2696, 2205, 2622]"
302,"[2513, 1285, 430, 2422, 2355]"
303,"[1135, 1137, 1131, 1144, 1170]"
304,"[1125, 1124, 1126, 1127, 1160]"
305,"[1125, 1124, 1126, 1127, 1160]"
306,"[567, 1279, 2011, 2241, 323]"
307,"[2300, 1125, 1124, 1126, 1127]"
308,"[1125, 1124, 1126, 1128, 1145]"
309,"[1279, 2341, 2277, 604, 752]"
310,"[1169, 1153, 2513, 322, 1285]"
311,"[567, 1273, 1279, 2011, 2560]"
312,"[1232, 1142, 328, 1165, 2068]"
313,"[1180, 1285, 792, 736, 622]"
314,"[1125, 1124, 1126, 1128, 1145]"
316,"[1279, 2022, 2696, 2205, 2622]"
317,"[1135, 1137, 1131, 1144, 1170]"
318,"[567, 2011, 2241, 323, 2697]"
319,"[1279, 2022, 2696, 2205, 2622]"
320,"[2300, 1125, 1124, 1126, 1128]"
321,"[2323, 2680, 406, 1279, 2022]"
322,"[2513, 1285, 430, 2546, 2422]"
323,"[567, 2011, 2241, 2697, 633]"
324,"[421, 2300, 2442, 516, 637]"
325,"[2300, 1125, 1124, 1126, 1127]"
326,"[2300, 1125, 1124, 1126, 1128]"
327,"[2300, 1125, 1124, 1126, 1127]"
328,"[1232, 1142, 1165, 2068, 2513]"
329,"[1156, 2660, 475, 399, 427]"
330,"[1135, 1137, 1131, 1144, 1170]"
331,"[2300, 1125, 1124, 1126, 1128]"
332,"[567, 1279, 2746, 1294, 2241]"
333,"[2022, 2205, 2622, 2431, 321]"
334,"[1277, 1279, 2053, 2240, 2233]"
335,"[1125, 1132, 1167, 2035, 2300]"
336,"[2300, 1125, 1124, 1126, 1128]"
337,"[1125, 1132, 1167, 700, 798]"
338,"[2022, 2205, 2622, 333, 2431]"
339,"[2022, 673, 783, 633, 2066]"
340,"[1125, 1132, 1167, 2035, 2300]"
341,"[1135, 1137, 1131, 1144, 1170]"
342,"[2300, 1125, 1124, 1126, 1127]"
343,"[903, 1125, 1132, 1167, 700]"
344,"[2269, 2240, 2233, 917, 345]"
345,"[1125, 1132, 1167, 2035, 2269]"
346,"[2300, 1125, 1132, 1166, 1167]"
347,"[2660, 475, 1142, 1156, 1123]"
348,"[1169, 1153, 2513, 1285, 2056]"
349,"[1142, 2072, 2037, 2086, 2661]"
350,"[2300, 421, 2442, 516, 637]"
351,"[2300, 1125, 1124, 1126, 1128]"
352,"[426, 950, 366, 1125, 1132]"
353,"[1125, 1124, 1126, 1127, 1160]"
354,"[781, 2602, 612, 392, 877]"
355,"[1156, 1123, 626, 347, 329]"
356,"[2241, 2300, 923, 1166, 1289]"
357,"[2300, 1125, 1124, 1126, 1127]"
358,"[2300, 1125, 1124, 1126, 1127]"
359,"[1125, 1132, 426, 364, 950]"
360,"[1170, 1175, 1142, 1156, 1168]"
361,"[2300, 1125, 1124, 1126, 1127]"
362,"[722, 1175, 1156, 1221, 2037]"
363,"[2300, 2790, 2693, 615, 1125]"
364,"[1125, 1132, 951, 1124, 1126]"
365,"[1125, 1132, 1167, 700, 798]"
366,"[1125, 1132, 1166, 426, 2300]"
367,"[2300, 1125, 1124, 1126, 1128]"
368,"[1131, 1152, 1289, 2421, 2422]"
369,"[1142, 673, 2037, 2066, 347]"
370,"[2513, 430, 2422, 2355, 2622]"
371,"[781, 2602, 354, 612, 392]"
372,"[2300, 1125, 1124, 1126, 1128]"
373,"[1125, 1132, 1167, 2035, 2269]"
374,"[799, 585, 1101, 1180, 1152]"
375,"[1232, 1142, 328, 1165, 2068]"
376,"[1175, 1275, 1134, 1150, 1142]"
377,"[1125, 1132, 1167, 2035, 2300]"
378,"[673, 2066, 2086, 2081, 484]"
379,"[2513, 2422, 2355, 2350, 2357]"
380,"[1232, 2022, 2053, 2055, 2205]"
381,"[1170, 1175, 1142, 1168, 1294]"
382,"[2300, 1125, 1124, 1126, 1128]"
383,"[2300, 1125, 1124, 1126, 1127]"
384,"[1125, 1124, 1126, 1127, 1160]"
385,"[1125, 1124, 1126, 1127, 1160]"
386,"[2240, 2233, 2299, 2286, 630]"
387,"[2300, 1125, 1124, 1126, 1128]"
388,"[2300, 1125, 1132, 1166, 1167]"
389,"[567, 2241, 2288, 819, 2300]"
390,"[1135, 1137, 1131, 1144, 1170]"
391,"[2300, 630, 648, 2438, 675]"
392,"[781, 2602, 354, 612, 877]"
393,"[2086, 1142, 2072, 673, 783]"
394,"[2300, 1125, 1124, 1126, 1127]"
395,"[832, 410, 870, 866, 1125]"
396,"[2255, 777, 654, 406, 2016]"
397,"[355, 575, 2713, 1101, 1152]"
398,"[2300, 1166, 1289, 1177, 2241]"
399,"[1156, 329, 2660, 475, 427]"
400,"[1294, 673, 2000, 2066, 2392]"
401,"[1125, 1124, 1126, 1127, 1160]"
402,"[2300, 1125, 1124, 1126, 1127]"
403,"[1279, 2790, 363, 832, 2341]"
404,"[1135, 1137, 1131, 1144, 1170]"
405,"[2513, 430, 2422, 2355, 2622]"
406,"[2255, 2286, 777, 321, 2323]"
407,"[1125, 1124, 1126, 1127, 1160]"
408,"[1135, 1137, 1131, 1144, 1170]"
409,"[917, 345, 759, 679, 2659]"
410,"[832, 395, 870, 866, 1125]"
411,"[1131, 1138, 1152, 1173, 1289]"
412,"[1285, 430, 2422, 2353, 2588]"
413,"[2300, 1125, 1124, 1126, 1127]"
414,"[1135, 1137, 1131, 1144, 1170]"
415,"[673, 2066, 2602, 985, 1142]"
416,"[1142, 2072, 2037, 2086, 478]"
417,"[1279, 2053, 2299, 577, 2342]"
418,"[1170, 1175, 1142, 1156, 1168]"
419,"[1151, 426, 950, 1125, 1124]"
420,"[1135, 1137, 1131, 1144, 1170]"
421,"[2300, 2442, 516, 637, 350]"
422,"[1135, 1137, 1131, 1144, 1170]"
423,"[1125, 1132, 364, 951, 1124]"
424,"[1135, 1137, 1131, 1144, 1170]"
425,"[2300, 1125, 1124, 1126, 1128]"
426,"[950, 1125, 1132, 1151, 2297]"
427,"[1156, 329, 2660, 475, 399]"
428,"[1170, 1175, 1142, 1156, 1168]"
429,"[1170, 1175, 1142, 1168, 1294]"
430,"[2422, 2353, 2361, 551, 806]"
431,"[1170, 1175, 1142, 1156, 1168]"
432,"[2300, 1125, 1124, 1126, 1128]"
433,"[1156, 1123, 347, 329, 355]"
434,"[1142, 673, 2066, 979, 952]"
435,"[2300, 1125, 1124, 1126, 1127]"
436,"[2068, 2072, 2037, 2086, 2613]"
437,"[1135, 1137, 1131, 1144, 1170]"
438,"[1135, 1137, 1131, 1144, 1170]"
439,"[2300, 1125, 1124, 1126, 1127]"
440,"[1125, 1124, 1126, 1128, 1145]"
441,"[2513, 430, 2422, 2355, 2260]"
442,"[1101, 1152, 1130, 1156, 1163]"
443,"[2300, 1125, 1124, 1126, 1127]"
444,"[1279, 507, 2286, 2692, 321]"
445,"[567, 2241, 2288, 819, 2300]"
446,"[2300, 1125, 1124, 1126, 1128]"
447,"[2022, 2205, 2622, 333, 2431]"
448,"[1175, 456, 952, 1135, 1170]"
449,"[1125, 1124, 1126, 1127, 1160]"
450,"[2086, 829, 393, 1142, 1273]"
451,"[1175, 1275, 1134, 1150, 1142]"
452,"[1169, 1153, 2513, 322, 1285]"
453,"[1125, 1124, 1126, 1127, 1160]"
454,"[2260, 300, 1232, 1142, 2002]"
455,"[1223, 2016, 2430, 2269, 2005]"
456,"[1175, 448, 952, 1135, 1170]"
457,"[1170, 1175, 1142, 1156, 1168]"
458,"[2513, 430, 2422, 2355, 2622]"
459,"[1180, 799, 1285, 2033, 2300]"
460,"[1170, 1175, 1142, 1156, 1168]"
461,"[1125, 1132, 1167, 700, 798]"
462,"[1232, 1279, 2021, 2271, 2024]"
463,"[1161, 1166, 426, 2297, 730]"
464,"[1101, 1152, 1130, 1156, 1163]"
465,"[2300, 1125, 1124, 1126, 1128]"
466,"[1125, 1132, 1167, 700, 798]"
467,"[500, 641, 1125, 1124, 1126]"
468,"[1175, 1156, 1221, 2037, 2618]"
469,"[2300, 1125, 1124, 1126, 1127]"
470,"[1135, 1137, 1131, 1144, 1170]"
471,"[567, 2011, 2241, 323, 2697]"
472,"[2022, 673, 783, 633, 2066]"
473,"[1170, 1175, 1142, 1156, 1168]"
474,"[2086, 2602, 2068, 2072, 673]"
475,"[2660, 1156, 2037, 2613, 347]"
476,"[1232, 2022, 2053, 2055, 2205]"
477,"[2300, 1125, 1124, 1126, 1128]"
478,"[1142, 2072, 2037, 2086, 524]"
479,"[2300, 1125, 1124, 1126, 1128]"
480,"[426, 2297, 917, 2223, 2276]"
481,"[2213, 493, 362, 722, 1107]"
482,"[2513, 430, 2422, 2355, 2622]"
483,"[1232, 1279, 2021, 2271, 2024]"
484,"[673, 2066, 2086, 2081, 985]"
485,"[1125, 1124, 1126, 1128, 1145]"
486,"[2300, 1125, 1124, 1126, 1128]"
487,"[1131, 1138, 1152, 1173, 1289]"
488,"[2300, 1125, 1124, 1126, 1127]"
489,"[1125, 1132, 1167, 2035, 2300]"
490,"[2300, 1125, 1124, 1126, 1128]"
491,"[1223, 2016, 2430, 2269, 2005]"
492,"[2086, 2268, 2221, 2705, 393]"
493,"[2213, 362, 722, 1107, 481]"
494,"[2269, 344, 2240, 2233, 917]"
495,"[1232, 1279, 2021, 2271, 2024]"
496,"[872, 2790, 2693, 2683, 903]"
497,"[1135, 1137, 1131, 1144, 1170]"
498,"[1232, 1142, 328, 1165, 2068]"
499,"[2300, 1125, 1124, 1126, 1127]"
500,"[2300, 641, 1125, 1124, 1126]"
501,"[1161, 1166, 426, 2297, 730]"
502,"[2240, 2233, 832, 410, 395]"
503,"[2613, 2660, 475, 1156, 2044]"
504,"[1125, 1132, 1136, 528, 426]"
505,"[1125, 1124, 1126, 1127, 1160]"
506,"[2300, 1125, 1124, 1126, 1128]"
507,"[1279, 2286, 2692, 321, 2323]"
508,"[2300, 1125, 1124, 1126, 1128]"
509,"[2300, 1125, 1124, 1126, 1128]"
510,"[2300, 1125, 1124, 1126, 1127]"
511,"[1101, 1152, 1130, 1156, 1163]"
512,"[1170, 1175, 1142, 1168, 1294]"
513,"[1101, 1152, 1130, 1156, 1163]"
514,"[1156, 2044, 568, 564, 1105]"
515,"[2300, 1125, 1124, 1126, 1127]"
516,"[2300, 567, 2746, 2241, 2288]"
517,"[1135, 1137, 1131, 1144, 1170]"
518,"[2002, 2014, 1291, 1284, 2241]"
519,"[2300, 1125, 1124, 1126, 1128]"
520,"[2300, 1125, 1124, 1126, 1128]"
521,"[1223, 2016, 2430, 2269, 2005]"
522,"[567, 2011, 2746, 2241, 323]"
523,"[2300, 1125, 1124, 1126, 1127]"
524,"[1142, 2072, 2037, 2086, 478]"
525,"[1156, 329, 2660, 475, 399]"
526,"[567, 2011, 2746, 2241, 323]"
527,"[1135, 1137, 1131, 1144, 1170]"
528,"[1125, 1132, 1136, 426, 352]"
529,"[1125, 1132, 1167, 700, 798]"
530,"[1152, 2442, 938, 676, 714]"
531,"[2300, 1125, 1124, 1126, 1128]"
532,"[2300, 567, 2746, 2241, 2288]"
533,"[2300, 1125, 1124, 1126, 1127]"
534,"[2251, 406, 1232, 2022, 2005]"
535,"[2300, 1125, 1124, 1126, 1128]"
536,"[2513, 2421, 2422, 2355, 2260]"
537,"[1170, 1175, 1142, 1156, 1168]"
538,"[2622, 2431, 776, 597, 2205]"
539,"[1135, 1137, 1131, 1144, 1170]"
540,"[2421, 2422, 2361, 551, 806]"
541,"[2300, 1125, 1124, 1126, 1128]"
542,"[1232, 2022, 2053, 2055, 2205]"
543,"[1125, 1124, 1126, 1128, 1145]"
544,"[740, 2378, 1169, 1153, 1232]"
545,"[1148, 1245, 1129, 1139, 1175]"
546,"[2241, 633, 454, 2300, 2260]"
547,"[2300, 1125, 1132, 1166, 1167]"
548,"[2300, 1125, 1124, 1126, 1127]"
549,"[1135, 1137, 1131, 1144, 1170]"
550,"[783, 2053, 2209, 777, 2281]"
551,"[2422, 2361, 806, 2513, 430]"
552,"[1232, 2053, 2055, 740, 2378]"
553,"[1125, 1132, 1147, 1136, 1161]"
554,"[2300, 1125, 1124, 1126, 1127]"
555,"[2300, 1125, 1124, 1126, 1127]"
556,"[1175, 1275, 1134, 1150, 1142]"
557,"[2300, 1125, 1124, 1126, 1128]"
558,"[1131, 1152, 1289, 2421, 2422]"
559,"[917, 1161, 1166, 426, 823]"
560,"[1175, 1275, 1134, 1150, 1142]"
561,"[2300, 1125, 1124, 1126, 1128]"
562,"[2037, 2602, 2660, 475, 952]"
563,"[1170, 1175, 1142, 1168, 1294]"
564,"[1156, 2044, 568, 1105, 2613]"
565,"[1125, 1132, 1167, 700, 798]"
566,"[2300, 1125, 1124, 1126, 1128]"
567,"[2241, 2288, 819, 2300, 2790]"
568,"[1156, 2044, 564, 1105, 2613]"
569,"[1170, 1175, 1142, 1156, 1168]"
570,"[2241, 2300, 2615, 2236, 2524]"
571,"[2300, 567, 2746, 2241, 2288]"
572,"[2300, 1125, 1124, 1126, 1128]"
573,"[1135, 1137, 1131, 1144, 1170]"
574,"[567, 2241, 2288, 819, 2300]"
575,"[355, 397, 2713, 1101, 1152]"
576,"[2300, 1125, 1124, 1126, 1128]"
577,"[2299, 953, 1279, 2007, 2053]"
578,"[567, 2011, 2241, 323, 2697]"
579,"[872, 496, 1279, 2240, 2233]"
580,"[2300, 2677, 1125, 1132, 1166]"
581,"[2002, 2014, 1291, 1284, 2241]"
582,"[1135, 1137, 1131, 1144, 1170]"
583,"[2300, 1125, 1124, 1126, 1128]"
584,"[2300, 1125, 1124, 1126, 1128]"
585,"[799, 374, 1101, 1180, 1152]"
586,"[1125, 1124, 1126, 1127, 1160]"
587,"[1125, 1124, 1126, 1128, 1145]"
588,"[2300, 1125, 1124, 1126, 1127]"
589,"[2016, 2430, 2269, 2007, 613]"
590,"[2300, 1125, 1124, 1126, 1127]"
591,"[1135, 1137, 1131, 1144, 1170]"
592,"[567, 2241, 2288, 819, 2300]"
593,"[1170, 1175, 1142, 1156, 1168]"
594,"[1232, 1279, 2021, 2271, 2024]"
595,"[2513, 322, 1285, 430, 2546]"
596,"[2300, 1125, 1124, 1126, 1128]"
597,"[2622, 2431, 538, 776, 2205]"
598,"[2022, 2205, 2622, 333, 2431]"
599,"[2300, 421, 2442, 516, 637]"
600,"[1279, 2341, 2277, 2702, 2656]"
601,"[2002, 2014, 1291, 1284, 2241]"
602,"[2300, 1166, 1289, 1177, 2241]"
603,"[2300, 1125, 1124, 1126, 1128]"
604,"[1279, 2341, 2277, 752, 309]"
605,"[938, 1135, 1175, 1152, 1156]"
606,"[2000, 855, 847, 567, 1279]"
607,"[2300, 1125, 1124, 1126, 1128]"
608,"[1125, 1124, 1126, 1128, 1145]"
609,"[1125, 1124, 1126, 1127, 1160]"
610,"[2002, 2014, 1291, 1284, 2241]"
611,"[1125, 1124, 1126, 1127, 1160]"
612,"[781, 2602, 354, 392, 877]"
613,"[2255, 2286, 777, 2236, 654]"
614,"[567, 2011, 2746, 2241, 323]"
615,"[2790, 2693, 1125, 1132, 567]"
616,"[2300, 421, 2442, 516, 637]"
617,"[2300, 1125, 1124, 1126, 1127]"
618,"[1135, 1137, 1131, 1144, 1170]"
619,"[721, 2790, 2693, 2683, 903]"
620,"[2300, 1125, 1124, 1126, 1127]"
621,"[1135, 1137, 1131, 1144, 1170]"
622,"[1180, 1285, 792, 736, 623]"
623,"[1180, 1285, 792, 736, 622]"
624,"[2300, 1125, 1124, 1126, 1127]"
625,"[2300, 421, 2442, 516, 637]"
626,"[748, 1170, 1175, 1142, 1168]"
627,"[1142, 1165, 2068, 1285, 2072]"
628,"[2300, 1166, 1289, 1177, 2241]"
629,"[1125, 1124, 1126, 1127, 1160]"
630,"[2269, 2240, 2233, 2299, 2286]"
631,"[2002, 2014, 1291, 1284, 2241]"
632,"[1125, 1124, 1126, 1127, 1160]"
633,"[2324, 2606, 903, 666, 567]"
634,"[1289, 580, 2300, 646, 2677]"
635,"[2513, 430, 2422, 2355, 2260]"
636,"[1135, 1137, 1131, 1144, 1170]"
637,"[2300, 421, 2442, 516, 350]"
638,"[2300, 1125, 1124, 1126, 1128]"
639,"[1125, 1132, 1167, 2035, 2300]"
640,"[1175, 1275, 1150, 1142, 2072]"
641,"[2241, 2300, 2442, 2615, 2236]"
642,"[1125, 1124, 1126, 1127, 1160]"
643,"[783, 2209, 777, 2281, 567]"
644,"[1135, 1137, 1131, 1144, 1170]"
645,"[1166, 2300, 366, 715, 650]"
646,"[2300, 1289, 580, 2677, 1125]"
647,"[2300, 1125, 1124, 1126, 1128]"
648,"[2438, 776, 872, 496, 2769]"
649,"[2300, 1125, 1124, 1126, 1127]"
650,"[715, 1125, 1132, 1166, 1167]"
651,"[783, 633, 2209, 2211, 2255]"
652,"[2513, 430, 2422, 2355, 2260]"
653,"[1135, 1175, 1156, 2063, 1221]"
654,"[2255, 777, 406, 783, 613]"
655,"[1125, 1132, 1167, 700, 798]"
656,"[1135, 1137, 1131, 1144, 1170]"
657,"[2300, 1125, 1124, 1126, 1128]"
658,"[2513, 430, 2422, 2355, 2622]"
659,"[1175, 1156, 1221, 2037, 2618]"
660,"[426, 2297, 917, 2223, 2276]"
661,"[1101, 1152, 1130, 1156, 1163]"
662,"[2007, 2258, 2299, 917, 345]"
663,"[1125, 1124, 1126, 1127, 1160]"
664,"[1135, 1137, 1131, 1144, 1170]"
665,"[1135, 1137, 1131, 1144, 1170]"
666,"[633, 2324, 2606, 903, 567]"
667,"[1125, 1132, 1167, 2035, 2300]"
668,"[2240, 2233, 907, 2269, 344]"
669,"[2016, 2430, 2269, 2007, 613]"
670,"[2622, 2431, 862, 538, 776]"
671,"[2300, 1125, 1124, 1126, 1128]"
672,"[2493, 2426, 2424, 2515, 2405]"
673,"[2066, 985, 1142, 1294, 2086]"
674,"[1125, 1132, 1167, 2035, 2269]"
675,"[2300, 2769, 1125, 1124, 1126]"
676,"[1152, 2442, 938, 714, 605]"
677,"[2269, 344, 2240, 2233, 917]"
678,"[2300, 1125, 1124, 1126, 1127]"
679,"[917, 345, 409, 759, 2659]"
680,"[1223, 2007, 2258, 2300, 823]"
681,"[1180, 799, 1285, 2033, 2300]"
682,"[1135, 1137, 1131, 1144, 1170]"
683,"[2300, 1125, 1132, 1166, 1167]"
684,"[1135, 1137, 1131, 1144, 1170]"
685,"[1151, 2241, 426, 2297, 2299]"
686,"[1125, 1132, 1167, 2035, 2300]"
687,"[1180, 799, 1285, 2033, 2300]"
688,"[2513, 322, 1285, 430, 2546]"
689,"[2513, 322, 1285, 430, 2546]"
690,"[1125, 1132, 1167, 700, 798]"
691,"[1170, 1175, 1142, 1156, 1168]"
692,"[2300, 1166, 1289, 1177, 2241]"
693,"[2300, 1125, 1124, 1126, 1128]"
694,"[2241, 2300, 2615, 2236, 2524]"
695,"[1131, 1138, 1152, 1173, 1289]"
696,"[567, 2241, 2288, 819, 2300]"
697,"[1125, 1132, 1167, 2035, 2300]"
698,"[2002, 2014, 1291, 1284, 2241]"
699,"[2300, 1125, 1124, 1126, 1128]"
700,"[1125, 1132, 1167, 798, 2035]"
701,"[1135, 1137, 1131, 1144, 1170]"
702,"[1101, 1152, 1130, 1156, 1163]"
703,"[1135, 1137, 1131, 1144, 1170]"
704,"[1135, 1137, 1131, 1144, 1170]"
705,"[2300, 1125, 1124, 1126, 1128]"
706,"[2300, 1125, 1124, 1126, 1128]"
707,"[2513, 430, 2422, 2355, 2622]"
708,"[1125, 1132, 1167, 700, 798]"
709,"[1135, 1137, 1131, 1144, 1170]"
710,"[1135, 1137, 1131, 1144, 1170]"
711,"[2300, 1125, 1124, 1126, 1127]"
712,"[1125, 1132, 1167, 700, 798]"
713,"[1135, 1137, 1131, 1144, 1170]"
714,"[1152, 2442, 938, 676, 605]"
715,"[650, 1125, 1132, 1166, 1167]"
716,"[1135, 1137, 1131, 1144, 1170]"
717,"[567, 2040, 1273, 1279, 2011]"
718,"[1135, 1137, 1131, 1144, 1170]"
719,"[1125, 1124, 1126, 1128, 1145]"
720,"[2300, 1125, 1124, 1126, 1127]"
721,"[2790, 2693, 2683, 619, 903]"
722,"[362, 1175, 1156, 1221, 2037]"
723,"[832, 410, 395, 403, 2508]"
724,"[1135, 1137, 1131, 1144, 1170]"
725,"[1135, 1137, 1131, 1144, 1170]"
726,"[1169, 1153, 2513, 322, 1285]"
727,"[567, 2011, 2241, 323, 2697]"
728,"[1135, 1137, 1131, 1144, 1170]"
729,"[1294, 2241, 673, 2066, 2086]"
730,"[1161, 1166, 426, 2297, 917]"
731,"[2300, 1125, 1124, 1126, 1127]"
733,"[1161, 1166, 426, 2297, 730]"
734,"[567, 1279, 2241, 783, 2000]"
735,"[1135, 1137, 1131, 1144, 1170]"
736,"[1180, 1285, 792, 622, 623]"
737,"[2300, 1125, 1124, 1126, 1128]"
738,"[2300, 1125, 1124, 1126, 1127]"
739,"[2300, 1125, 1124, 1126, 1127]"
740,"[2378, 2513, 430, 2422, 2355]"
741,"[1135, 1137, 1131, 1144, 1170]"
742,"[1180, 1285, 792, 736, 622]"
743,"[1135, 1137, 1131, 1144, 1170]"
744,"[1135, 1137, 1131, 1144, 1170]"
745,"[2300, 1125, 1124, 1126, 1127]"
746,"[1135, 1137, 1131, 1144, 1170]"
747,"[1170, 1175, 1142, 1168, 1294]"
748,"[626, 1170, 1175, 1142, 1168]"
749,"[2300, 2716, 1125, 1124, 1126]"
750,"[1135, 1137, 1131, 1144, 1170]"
751,"[1101, 1152, 1130, 1156, 1163]"
752,"[1279, 2241, 2299, 2236, 2738]"
753,"[2300, 1142, 1166, 1289, 1165]"
754,"[1135, 1137, 1131, 1144, 1170]"
755,"[2241, 2300, 2236, 2495, 2524]"
756,"[1135, 1137, 1131, 1144, 1170]"
757,"[1135, 1137, 1131, 1144, 1170]"
758,"[1135, 1137, 1131, 1144, 1170]"
759,"[917, 345, 409, 679, 2659]"
760,"[783, 633, 2209, 2211, 2255]"
761,"[1125, 1132, 1167, 2035, 2269]"
762,"[1135, 1137, 1131, 1144, 1170]"
763,"[1169, 1153, 2513, 1285, 2056]"
764,"[1125, 1132, 1167, 2035, 2300]"
765,"[1170, 1175, 1142, 1156, 1168]"
766,"[2300, 1125, 1124, 1126, 1127]"
767,"[2300, 1125, 1124, 1126, 1127]"
768,"[2300, 1166, 1289, 1177, 2241]"
769,"[1151, 2241, 426, 2297, 2299]"
770,"[1125, 1124, 1126, 1127, 1160]"
771,"[1125, 1124, 1126, 1128, 1145]"
772,"[1125, 1124, 1126, 1127, 1160]"
773,"[2300, 1125, 1124, 1126, 1127]"
774,"[2300, 1125, 1124, 1126, 1128]"
775,"[2300, 1125, 1124, 1126, 1127]"
776,"[2622, 2431, 538, 597, 2205]"
777,"[783, 2209, 2255, 2281, 643]"
778,"[1135, 1137, 1131, 1144, 1170]"
779,"[2300, 1125, 1124, 1126, 1127]"
780,"[2300, 1125, 1124, 1126, 1127]"
781,"[2602, 354, 612, 392, 877]"
782,"[2300, 1125, 1124, 1126, 1128]"
783,"[2209, 777, 2281, 643, 567]"
784,"[2002, 2014, 1291, 1284, 2241]"
785,"[2286, 406, 1279, 613, 2240]"
786,"[1125, 1124, 1126, 1128, 1145]"
787,"[1125, 1132, 1167, 2035, 2300]"
788,"[1101, 1152, 1130, 1156, 1163]"
789,"[1161, 1166, 426, 2297, 730]"
790,"[1169, 1153, 2513, 1285, 2056]"
791,"[567, 1279, 2241, 783, 2000]"
792,"[1180, 1285, 736, 622, 623]"
793,"[1135, 1137, 1131, 1144, 1170]"
794,"[660, 1170, 1175, 1142, 1151]"
795,"[1135, 1175, 2068, 2072, 2086]"
796,"[1101, 1152, 1130, 1156, 1163]"
797,"[2022, 673, 783, 633, 2066]"
798,"[1125, 1132, 1167, 700, 2035]"
799,"[585, 374, 1101, 1180, 1152]"
800,"[1141, 1180, 799, 1164, 1285]"
801,"[2286, 2230, 2691, 2251, 785]"
802,"[1135, 1137, 1131, 1144, 1170]"
803,"[1101, 1152, 1130, 1156, 1163]"
804,"[2269, 344, 2240, 2233, 917]"
805,"[1125, 1132, 1167, 2035, 2269]"
806,"[2422, 2361, 551, 2513, 430]"
807,"[1125, 1124, 1126, 1128, 1145]"
808,"[1285, 2330, 1169, 1180, 1153]"
809,"[2300, 1125, 1124, 1126, 1128]"
810,"[1135, 1137, 1131, 1144, 1170]"
811,"[2000, 2391, 794, 660, 2445]"
812,"[567, 2011, 2241, 323, 2697]"
813,"[1232, 1279, 2021, 2271, 2024]"
814,"[1125, 1132, 1167, 2035, 2300]"
815,"[1169, 1153, 2513, 322, 1285]"
816,"[2002, 2014, 1291, 1284, 2241]"
817,"[2300, 1125, 1124, 1126, 1127]"
818,"[1148, 1245, 1129, 1139, 1175]"
819,"[567, 2241, 2288, 2300, 2790]"
820,"[1135, 1137, 1131, 1144, 1170]"
821,"[1135, 1137, 1131, 1144, 1170]"
822,"[1125, 1124, 1126, 1127, 1160]"
823,"[917, 345, 409, 559, 759]"
824,"[2300, 1125, 1124, 1126, 1127]"
825,"[1223, 2007, 2258, 2300, 823]"
826,"[567, 2011, 2241, 323, 2697]"
827,"[1135, 1137, 1131, 1144, 1170]"
828,"[2022, 673, 783, 633, 2066]"
829,"[2086, 450, 393, 1142, 1273]"
830,"[2300, 1125, 1124, 1126, 1128]"
831,"[1135, 1137, 1131, 1144, 1170]"
832,"[410, 395, 870, 866, 1125]"
833,"[2370, 1113, 2650, 1141, 1180]"
834,"[2300, 1125, 1124, 1126, 1127]"
835,"[870, 1161, 1166, 426, 2055]"
836,"[783, 633, 2209, 2211, 2255]"
837,"[1125, 1124, 1126, 1127, 1160]"
838,"[2022, 2205, 2622, 333, 2431]"
839,"[2513, 430, 2422, 2355, 2260]"
840,"[567, 2011, 2241, 323, 2697]"
841,"[2205, 2622, 2431, 538, 2207]"
842,"[2205, 2622, 2431, 538, 2207]"
843,"[2300, 1125, 1124, 1126, 1128]"
844,"[2022, 2205, 2622, 333, 2431]"
845,"[2300, 1125, 1124, 1126, 1128]"
846,"[1135, 1137, 1131, 1144, 1170]"
847,"[2000, 606, 855, 567, 1279]"
848,"[1125, 1132, 1166, 1167, 1280]"
849,"[567, 2011, 2241, 323, 2697]"
850,"[2300, 1125, 1124, 1126, 1128]"
851,"[1125, 1124, 1126, 1127, 1160]"
852,"[1135, 1137, 1131, 1144, 1170]"
853,"[2300, 1125, 1124, 1126, 1128]"
854,"[567, 2011, 2746, 2241, 323]"
855,"[2000, 606, 847, 567, 1279]"
856,"[1135, 1137, 1131, 1144, 1170]"
857,"[2300, 1125, 1124, 1126, 1128]"
858,"[2213, 493, 362, 722, 1107]"
859,"[1170, 1175, 1142, 1156, 1168]"
860,"[1135, 1137, 1131, 1144, 1170]"
861,"[1135, 1137, 1131, 1144, 1170]"
862,"[2622, 2431, 538, 776, 597]"
863,"[2300, 1125, 1124, 1126, 1127]"
864,"[2622, 2455, 2431, 740, 538]"
865,"[1294, 673, 2000, 2066, 2392]"
866,"[832, 410, 395, 870, 1125]"
867,"[1125, 1132, 1167, 2035, 2300]"
868,"[567, 1273, 1279, 2011, 2560]"
869,"[1151, 2241, 426, 2297, 2299]"
870,"[426, 2297, 2299, 917, 2223]"
871,"[1135, 1175, 2068, 2072, 2086]"
872,"[496, 2790, 2693, 2683, 903]"
873,"[2513, 430, 2421, 2422, 2355]"
874,"[426, 2297, 917, 2223, 2276]"
875,"[1135, 1137, 1131, 1144, 1170]"
876,"[567, 2241, 2288, 819, 2300]"
877,"[781, 2602, 354, 612, 392]"
878,"[1135, 1137, 1131, 1144, 1170]"
879,"[917, 345, 409, 759, 679]"
880,"[1135, 1137, 1131, 1144, 1170]"
881,"[1135, 1137, 1131, 1144, 1170]"
882,"[2300, 1125, 1124, 1126, 1128]"
883,"[2300, 1125, 1124, 1126, 1127]"
884,"[781, 2602, 354, 612, 392]"
885,"[2300, 1125, 1124, 1126, 1128]"
886,"[2022, 2205, 2622, 333, 2431]"
887,"[2241, 2300, 2615, 2236, 2524]"
888,"[2300, 1125, 1124, 1126, 1128]"
889,"[567, 1279, 2746, 1294, 2241]"
890,"[1125, 1124, 1126, 1128, 1145]"
891,"[2300, 1125, 1124, 1126, 1128]"
892,"[1135, 1137, 1131, 1144, 1170]"
893,"[2300, 1125, 1124, 1126, 1128]"
894,"[1101, 1152, 1130, 1156, 1163]"
895,"[2241, 2300, 1125, 1124, 1126]"
896,"[2300, 1125, 1124, 1126, 1127]"
897,"[1125, 1132, 1147, 1136, 1161]"
898,"[1279, 2022, 2696, 2205, 2622]"
899,"[1125, 1124, 1126, 1128, 1145]"
900,"[2016, 2430, 2269, 2007, 613]"
901,"[2300, 1125, 1124, 1126, 1128]"
902,"[2000, 2391, 811, 794, 660]"
903,"[633, 2211, 2790, 2324, 2606]"
904,"[2300, 1125, 1124, 1126, 1127]"
905,"[2300, 1125, 1124, 1126, 1128]"
906,"[1170, 1175, 1142, 1168, 1294]"
907,"[2240, 2233, 668, 2269, 344]"
908,"[2300, 1125, 1124, 1126, 1128]"
909,"[1135, 1137, 1131, 1144, 1170]"
910,"[1125, 1124, 1126, 1128, 1145]"
911,"[2300, 1125, 1124, 1126, 1128]"
912,"[2002, 2014, 1291, 1284, 2241]"
913,"[2240, 2233, 2299, 2286, 630]"
914,"[1135, 1137, 1131, 1144, 1170]"
915,"[1125, 1124, 1126, 1128, 1145]"
916,"[1175, 1275, 1134, 1150, 1142]"
917,"[426, 2297, 2299, 345, 2223]"
918,"[1125, 1124, 1126, 1128, 1145]"
919,"[1135, 1137, 1131, 1144, 1170]"
920,"[1125, 1124, 1126, 1127, 1160]"
921,"[2300, 1125, 1124, 1126, 1128]"
922,"[1277, 1279, 2053, 2240, 2233]"
923,"[2241, 2300, 356, 1166, 1289]"
924,"[2002, 2014, 1291, 1284, 2241]"
925,"[1249, 1236, 1240, 1245, 1275]"
926,"[1135, 1137, 1131, 1144, 1170]"
927,"[2300, 1125, 1132, 1166, 1167]"
928,"[1169, 1153, 2513, 1285, 2056]"
929,"[1135, 1137, 1131, 1144, 1170]"
930,"[1135, 1137, 1131, 1144, 1170]"
931,"[2300, 1125, 1124, 1126, 1128]"
932,"[1135, 1137, 1131, 1144, 1170]"
933,"[2300, 1125, 1124, 1126, 1128]"
934,"[1125, 1124, 1126, 1128, 1145]"
935,"[1135, 1137, 1131, 1144, 1170]"
936,"[1156, 1123, 347, 329, 355]"
937,"[1135, 1137, 1131, 1144, 1170]"
938,"[605, 1135, 1175, 1152, 1156]"
939,"[1135, 1137, 1131, 1144, 1170]"
940,"[1152, 1156, 2044, 568, 1288]"
941,"[2300, 1125, 1124, 1126, 1128]"
942,"[1135, 1137, 1131, 1144, 1170]"
943,"[2300, 1125, 1124, 1126, 1128]"
944,"[2300, 1125, 1124, 1126, 1128]"
945,"[2300, 1166, 1289, 1177, 2241]"
946,"[1156, 1123, 347, 329, 355]"
947,"[1170, 1175, 1142, 1168, 1294]"
948,"[1175, 1275, 1150, 1142, 2072]"
949,"[2300, 1125, 1124, 1126, 1128]"
950,"[426, 1125, 1132, 1151, 2297]"
951,"[1125, 1132, 364, 1124, 1126]"
952,"[1175, 1142, 2068, 2072, 673]"
953,"[2299, 577, 1279, 2007, 2053]"
954,"[2300, 1125, 1124, 1126, 1128]"
955,"[1125, 1124, 1126, 1127, 1160]"
956,"[2300, 1125, 1124, 1126, 1128]"
957,"[1135, 1137, 1131, 1144, 1170]"
958,"[1135, 1137, 1131, 1144, 1170]"
959,"[2300, 1125, 1124, 1126, 1128]"
960,"[1135, 1137, 1131, 1144, 1170]"
961,"[1125, 1124, 1126, 1128, 1145]"
962,"[1135, 1137, 1131, 1144, 1170]"
963,"[1135, 1137, 1131, 1144, 1170]"
964,"[1135, 1137, 1131, 1144, 1170]"
965,"[2300, 1125, 1124, 1126, 1128]"
966,"[2300, 1125, 1124, 1126, 1128]"
967,"[1135, 1137, 1131, 1144, 1170]"
968,"[2300, 1125, 1124, 1126, 1128]"
969,"[2040, 1276, 2052, 2591, 2597]"
970,"[2593, 1156, 2044, 568, 564]"
971,"[2040, 1276, 2052, 2591, 2597]"
972,"[2203, 2596, 970, 1101, 1152]"
973,"[2300, 1125, 1124, 1126, 1128]"
974,"[2040, 1276, 2052, 2591, 2597]"
975,"[2300, 1125, 1124, 1126, 1128]"
976,"[1276, 2600, 2106, 1249, 1236]"
977,"[2513, 2421, 2422, 2355, 2417]"
978,"[1135, 1137, 1131, 1144, 1170]"
979,"[1142, 673, 2066, 434, 952]"
980,"[1135, 1137, 1131, 1144, 1170]"
981,"[1125, 1124, 1126, 1128, 1145]"
982,"[1170, 1175, 1142, 1168, 1294]"
983,"[1153, 1285, 430, 2421, 2422]"
984,"[1135, 1137, 1131, 1144, 1170]"
985,"[673, 2066, 1142, 1294, 2086]"
986,"[1135, 1137, 1131, 1144, 1170]"
987,"[1161, 1166, 426, 2297, 730]"
988,"[1135, 1137, 1131, 1144, 1170]"
989,"[1141, 1277, 1232, 1279, 2021]"
990,"[1125, 1124, 1126, 1128, 1145]"
991,"[1135, 1137, 1131, 1144, 1170]"
992,"[2300, 1125, 1124, 1126, 1127]"
993,"[1170, 1175, 1142, 1168, 1294]"
994,"[1125, 1124, 1126, 1128, 1145]"
995,"[1135, 1137, 1131, 1144, 1170]"
996,"[1135, 1137, 1131, 1144, 1170]"
997,"[1135, 1137, 1131, 1144, 1170]"
998,"[1152, 1288, 940, 1101, 1131]"
999,"[1135, 1137, 1131, 1144, 1170]"
1100,"[2300, 1125, 1124, 1126, 1128]"
1101,"[1152, 1130, 1156, 1163, 799]"
1102,"[2300, 1125, 1124, 1126, 1128]"
1103,"[1135, 1137, 1131, 1144, 1170]"
1104,"[2300, 1125, 1124, 1126, 1128]"
1105,"[1156, 2044, 568, 564, 2613]"
1106,"[1135, 1137, 1131, 1144, 1170]"
1107,"[2213, 493, 362, 722, 481]"
1108,"[1125, 1124, 1126, 1127, 1160]"
1109,"[1135, 1137, 1131, 1144, 1170]"
1110,"[1135, 1137, 1131, 1144, 1170]"
1111,"[2300, 1166, 1289, 1177, 2241]"
1112,"[2300, 1125, 1124, 1126, 1128]"
1113,"[1141, 1279, 2022, 2696, 2205]"
1114,"[1135, 1137, 1131, 1144, 1170]"
1115,"[1125, 1124, 1126, 1128, 1145]"
1116,"[1125, 1124, 1126, 1128, 1145]"
1117,"[1175, 2072, 2037, 2038, 2086]"
1118,"[1142, 1165, 2068, 1285, 2072]"
1119,"[1148, 1245, 1129, 1139, 1175]"
1120,"[1135, 1137, 1131, 1144, 1170]"
1121,"[421, 2300, 2705, 2671, 1125]"
1122,"[1125, 1124, 1126, 1127, 1160]"
1123,"[1156, 347, 329, 355, 936]"
1124,"[1125, 1126, 1127, 1160, 1132]"
1125,"[1132, 364, 951, 1124, 1126]"
1126,"[1125, 1124, 1127, 1160, 1132]"
1127,"[1125, 1124, 1126, 1160, 1132]"
1128,"[2300, 1125, 1124, 1126, 1145]"
1129,"[1148, 1245, 1139, 1175, 1275]"
1130,"[1101, 1152, 1156, 1163, 799]"
1131,"[1152, 1289, 2421, 2422, 2502]"
1132,"[1125, 364, 951, 1124, 1126]"
1133,"[2300, 1125, 1124, 1126, 1128]"
1134,"[1175, 1275, 1150, 1142, 1146]"
1135,"[1175, 2068, 2072, 2086, 2213]"
1136,"[1125, 1132, 528, 426, 352]"
1137,"[1135, 1131, 1144, 1170, 1176]"
1138,"[1131, 1152, 1173, 1289, 2513]"
1139,"[1148, 1245, 1129, 1175, 1275]"
1140,"[1170, 1154, 1175, 1142, 1156]"
1141,"[1113, 1180, 1277, 1232, 799]"
1142,"[1175, 2072, 673, 2037, 2066]"
1143,"[1125, 1124, 1126, 1127, 1160]"
1144,"[1135, 1137, 1131, 1170, 1176]"
1145,"[2300, 1125, 1124, 1126, 1128]"
1146,"[1175, 1275, 1134, 1150, 1142]"
1147,"[1125, 1132, 1136, 1161, 1166]"
1148,"[1245, 1129, 1139, 1175, 1275]"
1149,"[1125, 1124, 1126, 1128, 1145]"
1150,"[1175, 1275, 1142, 2072, 1297]"
1151,"[426, 419, 950, 1125, 1124]"
1152,"[1131, 1289, 1288, 2421, 2422]"
1153,"[1285, 430, 2421, 2422, 412]"
1154,"[1170, 1175, 1140, 1142, 1156]"
1155,"[1135, 1137, 1131, 1144, 1170]"
1156,"[329, 2660, 475, 399, 427]"
1157,"[1101, 1152, 1130, 1156, 1163]"
1158,"[1170, 1175, 1142, 1156, 1168]"
1159,"[1125, 1124, 1126, 1128, 1145]"
1160,"[1125, 1124, 1126, 1127, 1132]"
1161,"[1166, 426, 2297, 730, 917]"
1162,"[1135, 1137, 1131, 1144, 1170]"
1163,"[1101, 1152, 1130, 1156, 799]"
1164,"[1141, 1180, 799, 1285, 2033]"
1165,"[1142, 2068, 1285, 2072, 430]"
1166,"[2300, 366, 715, 650, 2677]"
1167,"[1125, 1132, 2035, 2300, 764]"
1168,"[1170, 1175, 1142, 1294, 673]"
1169,"[1153, 2513, 1285, 2056, 430]"
1170,"[1175, 1142, 1168, 1294, 673]"
1171,"[1148, 1245, 1129, 1139, 1175]"
1172,"[2300, 1125, 1124, 1126, 1128]"
1173,"[1131, 1138, 1152, 1289, 2513]"
1174,"[2300, 1125, 1124, 1126, 1127]"
1175,"[1142, 2072, 2037, 2086, 456]"
1176,"[1135, 1137, 1131, 1144, 1170]"
1177,"[2300, 1166, 1289, 2241, 2214]"
1178,"[2300, 1125, 1124, 1126, 1128]"
1179,"[1135, 1137, 1131, 1144, 1170]"
1180,"[1285, 792, 736, 622, 623]"
1181,"[1125, 1124, 1126, 1128, 1145]"
1182,"[2300, 1125, 1124, 1126, 1128]"
1183,"[1125, 1124, 1126, 1128, 1145]"
1184,"[2300, 1125, 1124, 1126, 1127]"
1185,"[2300, 1125, 1124, 1126, 1128]"
1186,"[1125, 1124, 1126, 1128, 1145]"
1187,"[1125, 1124, 1126, 1128, 1145]"
1188,"[1135, 1137, 1131, 1144, 1170]"
1189,"[1135, 1137, 1131, 1144, 1170]"
1190,"[2300, 1125, 1124, 1126, 1127]"
1191,"[2300, 1125, 1124, 1126, 1128]"
1192,"[1125, 1124, 1126, 1128, 1145]"
1193,"[2300, 1125, 1124, 1126, 1128]"
1194,"[2300, 1125, 1124, 1126, 1128]"
1195,"[1125, 1124, 1126, 1128, 1145]"
1196,"[2300, 1125, 1124, 1126, 1128]"
1197,"[2300, 1125, 1124, 1126, 1128]"
1198,"[2300, 1125, 1124, 1126, 1128]"
1199,"[1125, 1132, 1147, 1136, 1161]"
1200,"[2300, 1125, 1124, 1126, 1128]"
1201,"[2300, 1125, 1124, 1126, 1128]"
1202,"[1125, 1132, 1147, 1136, 1161]"
1203,"[2300, 1125, 1124, 1126, 1128]"
1204,"[2300, 1125, 1124, 1126, 1128]"
1205,"[1125, 1124, 1126, 1128, 1145]"
1206,"[2300, 1125, 1124, 1126, 1128]"
1207,"[2300, 1125, 1124, 1126, 1128]"
1208,"[2300, 1125, 1124, 1126, 1128]"
1209,"[2300, 1125, 1124, 1126, 1128]"
1210,"[1135, 1175, 1156, 2063, 1221]"
1211,"[1135, 1137, 1131, 1144, 1170]"
1212,"[2300, 1125, 1124, 1126, 1128]"
1213,"[1125, 1124, 1126, 1128, 1145]"
1214,"[2300, 1125, 1124, 1126, 1128]"
1215,"[1135, 1137, 1131, 1144, 1170]"
1216,"[1249, 1236, 1240, 1275, 1232]"
1217,"[2300, 1125, 1124, 1126, 1128]"
1218,"[1249, 1236, 1240, 1275, 1232]"
1219,"[1101, 1152, 1130, 1156, 1163]"
1220,"[2300, 1125, 1124, 1126, 1128]"
1221,"[1175, 1156, 2037, 2618, 329]"
1222,"[1275, 1272, 1256, 1258, 1260]"
1223,"[2300, 345, 2236, 2495, 1125]"
1224,"[2300, 1125, 1124, 1126, 1128]"
1226,"[1135, 1137, 1131, 1144, 1170]"
1228,"[1273, 1264, 1245, 1275, 1233]"
1229,"[2300, 1125, 1124, 1126, 1128]"
1230,"[1249, 1236, 1240, 1275, 1232]"
1231,"[1249, 1236, 1240, 1275, 1232]"
1232,"[2053, 2055, 2362, 740, 2378]"
1233,"[1275, 1249, 1236, 1240, 1245]"
1234,"[1249, 1236, 1240, 1275, 1232]"
1235,"[1249, 1236, 1240, 1275, 1232]"
1236,"[1249, 1240, 1275, 1232, 1242]"
1237,"[1249, 1236, 1240, 1275, 1232]"
1238,"[1249, 1236, 1240, 1275, 1232]"
1239,"[1249, 1236, 1240, 1275, 1232]"
1240,"[1249, 1236, 1275, 1232, 1242]"
1241,"[1249, 1236, 1240, 1275, 1232]"
1242,"[1249, 1236, 1240, 1275, 1232]"
1243,"[1249, 1236, 1240, 1275, 1232]"
1244,"[1249, 1236, 1240, 1275, 1232]"
1245,"[1275, 1233, 1273, 1254, 1250]"
1246,"[1249, 1236, 1240, 1275, 1232]"
1247,"[1249, 1236, 1240, 1275, 1232]"
1248,"[1249, 1236, 1240, 1275, 1232]"
1249,"[1236, 1240, 1275, 1232, 1242]"
1250,"[1245, 1275, 1233, 1273, 1254]"
1251,"[1245, 1275, 1233, 1273, 1254]"
1252,"[1249, 1236, 1240, 1275, 1232]"
1253,"[1249, 1236, 1240, 1275, 1232]"
1254,"[1245, 1275, 1233, 1273, 1250]"
1255,"[1249, 1236, 1240, 1275, 1232]"
1256,"[1275, 1272, 1258, 1260, 1222]"
1257,"[1249, 1236, 1240, 1275, 1232]"
1258,"[1275, 1272, 1256, 1260, 1222]"
1259,"[1249, 1236, 1240, 1275, 1232]"
1260,"[1275, 1272, 1256, 1258, 1222]"
1261,"[1249, 1236, 1240, 1275, 1232]"
1262,"[1249, 1236, 1240, 1275, 1232]"
1263,"[1275, 1272, 1256, 1258, 1260]"
1264,"[1273, 1228, 1245, 1275, 1233]"
1265,"[1249, 1236, 1240, 1275, 1232]"
1266,"[1249, 1236, 1240, 1275, 1232]"
1267,"[1249, 1236, 1240, 1275, 1232]"
1268,"[1249, 1236, 1240, 1275, 1232]"
1269,"[2300, 1125, 1124, 1126, 1127]"
1270,"[1249, 1236, 1240, 1275, 1232]"
1271,"[1275, 1272, 1256, 1258, 1260]"
1272,"[1275, 1256, 1258, 1260, 1222]"
1273,"[1264, 1228, 1245, 1275, 1233]"
1274,"[1249, 1236, 1240, 1245, 1275]"
1275,"[1175, 1150, 1142, 1233, 1272]"
1276,"[2600, 2106, 976, 1249, 1236]"
1277,"[1279, 2053, 2240, 2233, 507]"
1278,"[1135, 1137, 1131, 1144, 1170]"
1279,"[2341, 2277, 604, 752, 309]"
1280,"[1125, 1132, 1166, 1167, 2035]"
1281,"[1135, 1137, 1131, 1144, 1170]"
1282,"[2300, 1125, 1124, 1126, 1127]"
1283,"[1135, 1137, 1131, 1144, 1170]"
1284,"[2002, 2014, 1291, 2241, 2070]"
1285,"[430, 2422, 412, 2353, 2588]"
1286,"[1135, 1137, 1131, 1144, 1170]"
1287,"[1135, 1137, 1131, 1144, 1170]"
1288,"[1152, 998, 940, 1101, 1131]"
1289,"[2300, 2677, 1131, 1152, 1166]"
1290,"[1135, 1137, 1131, 1144, 1170]"
1291,"[2002, 2014, 1284, 2241, 2070]"
1292,"[1135, 1137, 1131, 1144, 1170]"
1293,"[1135, 1137, 1131, 1144, 1170]"
1294,"[673, 2066, 985, 1170, 1175]"
1295,"[1170, 1175, 1142, 1168, 1294]"
1296,"[2300, 1125, 1124, 1126, 1128]"
1297,"[1175, 1275, 1150, 1142, 2072]"
1298,"[2300, 1125, 1124, 1126, 1127]"
1299,"[2300, 1125, 1124, 1126, 1128]"
2000,"[606, 855, 847, 567, 1279]"
2001,"[2300, 1125, 1124, 1126, 1127]"
2002,"[2014, 1291, 1284, 2241, 2070]"
2003,"[1125, 1124, 1126, 1128, 1145]"
2004,"[1131, 1138, 1152, 1173, 1289]"
2005,"[2240, 2233, 2365, 2299, 2286]"
2006,"[2300, 1125, 1124, 1126, 1128]"
2007,"[2258, 2299, 917, 345, 577]"
2008,"[1125, 1124, 1126, 1128, 1145]"
2009,"[1249, 1236, 1240, 1245, 1275]"
2010,"[1135, 1137, 1131, 1144, 1170]"
2011,"[567, 2241, 323, 2697, 633]"
2012,"[2300, 1125, 1124, 1126, 1128]"
2013,"[2300, 1125, 1124, 1126, 1127]"
2014,"[2002, 1291, 1284, 2241, 2070]"
2015,"[1125, 1124, 1126, 1128, 1145]"
2016,"[2430, 2269, 2007, 613, 2258]"
2017,"[2300, 1125, 1124, 1126, 1127]"
2018,"[1125, 1124, 1126, 1128, 1145]"
2019,"[1125, 1124, 1126, 1128, 1145]"
2020,"[2300, 1125, 1124, 1126, 1128]"
2021,"[1232, 1279, 2271, 2024, 2053]"
2022,"[2205, 2622, 333, 2431, 321]"
2023,"[2300, 1125, 1124, 1126, 1127]"
2024,"[1232, 1279, 2021, 2271, 2053]"
2025,"[1135, 1137, 1131, 1144, 1170]"
2026,"[2300, 1125, 1124, 1126, 1128]"
2027,"[1135, 1137, 1131, 1144, 1170]"
2028,"[2300, 1125, 1124, 1126, 1128]"
2029,"[2300, 1125, 1124, 1126, 1128]"
2030,"[2300, 1125, 1124, 1126, 1128]"
2031,"[1135, 1137, 1131, 1144, 1170]"
2032,"[2300, 1125, 1124, 1126, 1128]"
2033,"[1180, 799, 1285, 2300, 2799]"
2034,"[2300, 1125, 1124, 1126, 1128]"
2035,"[1125, 1132, 1167, 2300, 764]"
2036,"[2300, 1125, 1124, 1126, 1127]"
2037,"[1175, 1142, 2072, 2086, 2602]"
2038,"[1175, 2072, 2037, 2086, 1117]"
2039,"[2300, 1125, 1124, 1126, 1128]"
2040,"[1276, 2052, 2591, 2597, 2415]"
2043,"[2300, 1125, 1124, 1126, 1128]"
2044,"[1156, 568, 564, 1105, 2613]"
2045,"[2300, 1125, 1124, 1126, 1128]"
2046,"[1135, 1137, 1131, 1144, 1170]"
2047,"[2300, 1125, 1124, 1126, 1128]"
2048,"[2300, 1125, 1124, 1126, 1128]"
2049,"[2300, 1125, 1124, 1126, 1127]"
2050,"[1135, 1137, 1131, 1144, 1170]"
2051,"[1125, 1132, 1147, 1136, 1161]"
2052,"[2040, 1276, 2591, 2597, 2415]"
2053,"[1232, 1279, 783, 2055, 2209]"
2054,"[2300, 1125, 1124, 1126, 1127]"
2055,"[1232, 1142, 1165, 2068, 1285]"
2056,"[1101, 1169, 1153, 1152, 1130]"
2057,"[1232, 1142, 328, 1165, 2068]"
2058,"[1101, 1152, 1130, 1156, 1163]"
2059,"[2300, 1125, 1124, 1126, 1128]"
2060,"[1125, 1132, 1147, 1136, 1161]"
2061,"[567, 1279, 2746, 1294, 2241]"
2062,"[2300, 1125, 1124, 1126, 1128]"
2063,"[1135, 1175, 1156, 1221, 2044]"
2064,"[1125, 1124, 1126, 1127, 1160]"
2065,"[1125, 1124, 1126, 1128, 1145]"
2066,"[673, 985, 1142, 1294, 2086]"
2067,"[1125, 1124, 1126, 1127, 1160]"
2068,"[2072, 2086, 952, 1135, 1175]"
2069,"[1125, 1124, 1126, 1128, 1145]"
2070,"[2002, 2014, 1291, 1284, 2241]"
2071,"[1125, 1124, 1126, 1128, 1145]"
2072,"[2086, 1175, 1142, 2068, 2037]"
2073,"[1135, 1137, 1131, 1144, 1170]"
2074,"[1135, 1137, 1131, 1144, 1170]"
2075,"[1135, 1175, 1156, 2063, 1221]"
2076,"[2300, 1125, 1124, 1126, 1128]"
2077,"[1170, 1175, 1142, 1168, 1294]"
2078,"[1170, 1175, 1142, 1168, 1294]"
2079,"[1125, 1124, 1126, 1128, 1145]"
2080,"[567, 1279, 2746, 1294, 2241]"
2081,"[673, 2066, 2086, 484, 985]"
2082,"[1125, 1124, 1126, 1128, 1145]"
2083,"[1135, 1137, 1131, 1144, 1170]"
2084,"[1131, 1152, 1289, 2421, 2422]"
2085,"[1131, 1152, 1289, 2421, 2422]"
2086,"[2072, 1175, 1142, 2068, 673]"
2087,"[2269, 344, 2240, 2233, 823]"
2088,"[2269, 344, 2240, 2233, 917]"
2089,"[2300, 1125, 1124, 1126, 1128]"
2090,"[1135, 1137, 1131, 1144, 1170]"
2091,"[2300, 1125, 1124, 1126, 1128]"
2092,"[1131, 1138, 1152, 1173, 1289]"
2093,"[1131, 1138, 1152, 1173, 1289]"
2094,"[1131, 1152, 1289, 2421, 2422]"
2095,"[1131, 1152, 1289, 2421, 2422]"
2096,"[1249, 1236, 1240, 1245, 1275]"
2097,"[1170, 1154, 1175, 1140, 1142]"
2098,"[1249, 1236, 1240, 1245, 1275]"
2099,"[1249, 1236, 1240, 1245, 1275]"
2100,"[2300, 1125, 1124, 1126, 1128]"
2101,"[1125, 1124, 1126, 1128, 1145]"
2102,"[2300, 366, 1125, 1124, 1126]"
2103,"[1125, 1132, 1167, 700, 798]"
2104,"[1249, 1236, 1240, 1245, 1275]"
2105,"[1249, 1236, 1240, 1245, 1275]"
2106,"[1276, 2597, 2600, 977, 976]"
2107,"[1131, 1138, 1152, 1173, 1289]"
2108,"[1131, 1138, 1152, 1173, 1289]"
2109,"[1131, 1138, 1152, 1173, 1289]"
2110,"[1135, 1137, 1131, 1144, 1170]"
2111,"[1125, 1124, 1126, 1128, 1145]"
2112,"[2300, 1125, 1124, 1126, 1128]"
2113,"[2002, 2014, 1291, 1284, 2241]"
2114,"[2300, 1125, 1124, 1126, 1127]"
2115,"[1135, 1137, 1131, 1144, 1170]"
2116,"[1125, 1124, 1126, 1128, 1145]"
2117,"[1125, 1124, 1126, 1128, 1145]"
2118,"[1135, 1137, 1131, 1144, 1170]"
2119,"[1135, 1137, 1131, 1144, 1170]"
2120,"[1135, 1137, 1131, 1144, 1170]"
2121,"[1125, 1124, 1126, 1128, 1145]"
2122,"[1135, 1137, 1131, 1144, 1170]"
2123,"[1148, 1245, 1129, 1139, 1175]"
2124,"[1249, 1236, 1240, 1245, 1275]"
2125,"[1249, 1236, 1240, 1245, 1275]"
2126,"[1294, 2241, 673, 2066, 2086]"
2127,"[1169, 1153, 2513, 1285, 2056]"
2128,"[1249, 1236, 1240, 1245, 1275]"
2129,"[1249, 1236, 1240, 1245, 1275]"
2130,"[1170, 1154, 1175, 1140, 1142]"
2131,"[1249, 1236, 1240, 1245, 1275]"
2132,"[1249, 1236, 1240, 1275, 1232]"
2133,"[1125, 1124, 1126, 1128, 1145]"
2134,"[1249, 1236, 1240, 1245, 1275]"
2135,"[1275, 1272, 1256, 1258, 1260]"
2136,"[1249, 1236, 1240, 1245, 1275]"
2137,"[1249, 1236, 1240, 1245, 1275]"
2138,"[1249, 1236, 1240, 1245, 1275]"
2139,"[1275, 1272, 1256, 1258, 1260]"
2140,"[1125, 1124, 1126, 1128, 1145]"
2141,"[1249, 1236, 1240, 1245, 1275]"
2142,"[1249, 1236, 1240, 1245, 1275]"
2143,"[2493, 2426, 2424, 672, 2515]"
2144,"[1275, 1272, 1256, 1258, 1260]"
2145,"[1249, 1236, 1240, 1245, 1275]"
2146,"[1249, 1236, 1240, 1245, 1275]"
2147,"[1249, 1236, 1240, 1245, 1275]"
2148,"[1249, 1236, 1240, 1245, 1275]"
2149,"[1249, 1236, 1240, 1245, 1275]"
2150,"[1245, 1275, 1233, 1273, 1254]"
2151,"[1249, 1236, 1240, 1245, 1275]"
2152,"[1249, 1236, 1240, 1245, 1275]"
2153,"[1249, 1236, 1240, 1245, 1275]"
2154,"[1249, 1236, 1240, 1245, 1275]"
2155,"[1249, 1236, 1240, 1245, 1275]"
2156,"[1249, 1236, 1240, 1245, 1275]"
2157,"[1249, 1236, 1240, 1245, 1275]"
2158,"[1249, 1236, 1240, 1245, 1275]"
2159,"[1249, 1236, 1240, 1245, 1275]"
2160,"[1249, 1236, 1240, 1245, 1275]"
2161,"[1141, 1249, 1180, 1236, 1240]"
2162,"[1249, 1236, 1240, 1245, 1275]"
2163,"[1249, 1236, 1240, 1245, 1275]"
2164,"[1249, 1236, 1240, 1245, 1275]"
2165,"[1249, 1236, 1240, 1245, 1275]"
2166,"[1249, 1236, 1240, 1245, 1275]"
2167,"[1249, 1236, 1240, 1245, 1275]"
2168,"[1249, 1236, 1240, 1245, 1275]"
2169,"[1249, 1236, 1240, 1245, 1275]"
2170,"[1249, 1236, 1240, 1245, 1275]"
2171,"[1249, 1236, 1240, 1245, 1275]"
2172,"[1249, 1236, 1240, 1245, 1275]"
2173,"[1249, 1236, 1240, 1245, 1275]"
2174,"[1249, 1236, 1240, 1245, 1275]"
2175,"[1249, 1236, 1240, 1245, 1275]"
2176,"[1249, 1236, 1240, 1245, 1275]"
2177,"[1249, 1236, 1240, 1245, 1275]"
2178,"[1249, 1236, 1240, 1245, 1275]"
2179,"[1249, 1236, 1240, 1245, 1275]"
2180,"[1249, 1236, 1240, 1245, 1275]"
2181,"[1249, 1236, 1240, 1245, 1275]"
2182,"[1249, 1236, 1240, 1245, 1275]"
2183,"[1249, 1236, 1240, 1245, 1275]"
2184,"[1249, 1236, 1240, 1245, 1275]"
2185,"[1125, 1124, 1126, 1128, 1145]"
2186,"[1249, 1236, 1240, 1245, 1275]"
2187,"[1249, 1236, 1240, 1245, 1275]"
2188,"[1249, 1236, 1240, 1245, 1275]"
2189,"[1249, 1236, 1240, 1245, 1275]"
2190,"[1249, 1236, 1240, 1245, 1275]"
2191,"[1249, 1236, 1240, 1245, 1275]"
2192,"[1249, 1236, 1240, 1245, 1275]"
2193,"[1249, 1236, 1240, 1245, 1275]"
2194,"[1249, 1236, 1240, 1245, 1275]"
2195,"[1249, 1236, 1240, 1245, 1275]"
2196,"[1249, 1236, 1240, 1245, 1275]"
2197,"[1249, 1236, 1240, 1245, 1275]"
2198,"[1249, 1236, 1240, 1245, 1275]"
2199,"[1249, 1236, 1240, 1245, 1275]"
2200,"[2300, 1125, 1124, 1126, 1128]"
2201,"[1135, 1137, 1131, 1144, 1170]"
2202,"[1135, 1137, 1131, 1144, 1170]"
2203,"[972, 2596, 970, 1101, 1152]"
2204,"[1125, 1124, 1126, 1128, 1145]"
2205,"[2622, 2431, 538, 2207, 776]"
2206,"[2269, 344, 2240, 2233, 917]"
2207,"[2205, 2622, 2431, 538, 776]"
2208,"[2300, 1125, 1124, 1126, 1128]"
2209,"[783, 777, 2281, 643, 567]"
2210,"[1249, 1236, 1240, 1245, 1275]"
2211,"[903, 783, 633, 2209, 2205]"
2212,"[2300, 1125, 1124, 1126, 1127]"
2213,"[1135, 1175, 1151, 2068, 2072]"
2214,"[2300, 1166, 1289, 1177, 2241]"
2215,"[1135, 1137, 1131, 1144, 1170]"
2216,"[2300, 1125, 1124, 1126, 1127]"
2217,"[2068, 2072, 2037, 2086, 2613]"
2218,"[421, 1148, 1101, 1245, 1129]"
2219,"[567, 1279, 2011, 2241, 323]"
2220,"[2005, 2240, 2233, 2365, 2299]"
2221,"[2086, 2268, 492, 2705, 393]"
2222,"[1279, 2022, 2696, 2205, 2622]"
2223,"[426, 2297, 917, 2276, 480]"
2224,"[1135, 1137, 1131, 1144, 1170]"
2225,"[567, 1279, 2011, 2241, 323]"
2226,"[2016, 2430, 2269, 2007, 613]"
2227,"[2300, 1125, 1124, 1126, 1127]"
2228,"[1125, 1124, 1126, 1128, 1145]"
2229,"[567, 1279, 2746, 1294, 2241]"
2230,"[2286, 2691, 801, 2251, 785]"
2231,"[783, 633, 2209, 2211, 2255]"
2232,"[2300, 567, 2746, 2241, 2288]"
2233,"[2240, 668, 907, 2269, 344]"
2234,"[1232, 2022, 2053, 2055, 2205]"
2235,"[1125, 1124, 1126, 1128, 1145]"
2236,"[2241, 2495, 2524, 567, 2288]"
2237,"[567, 1279, 2746, 1294, 2241]"
2238,"[783, 633, 2209, 2211, 2255]"
2239,"[2055, 2408, 2299, 2501, 2738]"
2240,"[2233, 668, 907, 2269, 344]"
2241,"[2236, 2524, 567, 2288, 819]"
2242,"[1141, 1277, 1232, 1279, 2021]"
2243,"[1125, 1124, 1126, 1127, 1160]"
2244,"[1223, 2016, 2430, 2269, 2005]"
2245,"[2493, 2260, 2404, 2362, 2426]"
2246,"[1125, 1124, 1126, 1127, 1160]"
2247,"[1170, 1154, 1175, 1140, 1142]"
2248,"[1125, 1124, 1126, 1127, 1160]"
2250,"[2300, 567, 2746, 2241, 2288]"
2251,"[406, 2022, 2205, 2622, 333]"
2253,"[2622, 2431, 862, 538, 670]"
2254,"[1279, 2022, 2696, 2205, 2622]"
2255,"[777, 654, 406, 783, 613]"
2256,"[2016, 2430, 2269, 2007, 613]"
2257,"[2007, 2258, 2299, 917, 345]"
2258,"[2007, 2299, 917, 345, 577]"
2259,"[2269, 344, 2240, 2233, 917]"
2260,"[2513, 430, 2422, 2355, 635]"
2261,"[567, 2241, 2288, 819, 2300]"
2262,"[1125, 1124, 1126, 1127, 1160]"
2263,"[567, 2241, 2288, 819, 2300]"
2264,"[2300, 567, 2746, 2241, 2288]"
2265,"[567, 1279, 2241, 783, 2000]"
2266,"[2300, 1125, 1124, 1126, 1127]"
2267,"[567, 1279, 2241, 783, 2000]"
2268,"[2086, 2705, 1175, 1275, 1150]"
2269,"[345, 1125, 1132, 1167, 2035]"
2270,"[2005, 2240, 2233, 2365, 2299]"
2271,"[1232, 1279, 2021, 2024, 2053]"
2272,"[1175, 1275, 1134, 1150, 1142]"
2273,"[567, 1273, 1279, 2011, 1264]"
2274,"[2300, 1125, 1124, 1126, 1127]"
2275,"[2022, 673, 783, 633, 2066]"
2276,"[426, 2297, 917, 2223, 480]"
2277,"[1279, 2341, 604, 752, 309]"
2278,"[567, 2011, 2241, 323, 2697]"
2279,"[2022, 2205, 2622, 333, 2431]"
2280,"[2240, 2233, 2299, 2286, 630]"
2281,"[783, 2209, 777, 643, 567]"
2282,"[2205, 2622, 2455, 2431, 740]"
2283,"[567, 1273, 1279, 2011, 2560]"
2284,"[567, 1279, 2746, 1294, 2241]"
2285,"[1125, 1132, 1167, 2035, 2300]"
2286,"[785, 406, 1279, 613, 2240]"
2287,"[2022, 673, 783, 633, 2066]"
2288,"[567, 2241, 819, 2300, 2790]"
2289,"[673, 783, 2066, 2209, 2086]"
2290,"[783, 2053, 633, 2209, 2211]"
2291,"[2300, 1125, 1124, 1126, 1127]"
2292,"[1223, 2016, 2430, 2269, 2005]"
2293,"[567, 1279, 2011, 2241, 323]"
2294,"[1223, 2016, 2430, 2269, 2005]"
2295,"[1279, 2022, 2696, 2205, 2622]"
2296,"[567, 1279, 2746, 1294, 2241]"
2297,"[426, 917, 2223, 2276, 480]"
2298,"[2005, 2240, 2233, 2365, 2299]"
2299,"[917, 577, 2236, 2738, 953]"
2300,"[1125, 1124, 1126, 1127, 1160]"
2300,"[1125, 1124, 1126, 1127, 1160]"
2301,"[2300, 1125, 1124, 1126, 1128]"
2302,"[2005, 2240, 2233, 2365, 2299]"
2303,"[1223, 2016, 2430, 2269, 2005]"
2304,"[2016, 2430, 2269, 2007, 613]"
2305,"[567, 1279, 2011, 2241, 323]"
2306,"[1125, 1124, 1126, 1128, 1145]"
2307,"[1232, 1142, 328, 1165, 2068]"
2308,"[1170, 1175, 1142, 1156, 1168]"
2309,"[2300, 1125, 1124, 1126, 1128]"
2310,"[2300, 1125, 1124, 1126, 1127]"
2311,"[2300, 1125, 1124, 1126, 1128]"
2312,"[2300, 1125, 1124, 1126, 1128]"
2313,"[2002, 2014, 1291, 1284, 2241]"
2314,"[2300, 1125, 1124, 1126, 1128]"
2315,"[1135, 1137, 1131, 1144, 1170]"
2316,"[567, 2011, 2241, 323, 2697]"
2317,"[1125, 1124, 1126, 1128, 1145]"
2318,"[567, 2011, 2241, 323, 2697]"
2319,"[1135, 1137, 1131, 1144, 1170]"
2320,"[1135, 1137, 1131, 1144, 1170]"
2321,"[1125, 1124, 1126, 1127, 1160]"
2322,"[1232, 2022, 2053, 2055, 2205]"
2323,"[321, 2680, 406, 1279, 2022]"
2324,"[633, 2606, 903, 666, 567]"
2325,"[2269, 344, 2240, 2233, 917]"
2326,"[783, 633, 2209, 2211, 2255]"
2327,"[2513, 1285, 430, 2422, 2355]"
2328,"[2300, 1125, 1124, 1126, 1127]"
2329,"[567, 2011, 2746, 2241, 323]"
2330,"[1285, 808, 839, 1169, 1180]"
2331,"[567, 1279, 2746, 1294, 2241]"
2332,"[1151, 2241, 426, 2297, 2299]"
2333,"[783, 633, 2209, 2211, 2255]"
2335,"[567, 1279, 2241, 783, 2000]"
2336,"[2300, 1125, 1124, 1126, 1127]"
2337,"[2300, 1125, 1124, 1126, 1127]"
2338,"[1277, 1279, 2053, 2240, 2233]"
2339,"[2300, 1125, 1124, 1126, 1127]"
2340,"[1285, 1180, 1232, 1142, 799]"
2341,"[1279, 2277, 604, 752, 309]"
2342,"[1279, 2053, 2299, 577, 2738]"
2343,"[1135, 1137, 1131, 1144, 1170]"
2344,"[1125, 1124, 1126, 1127, 1160]"
2345,"[2007, 2258, 2299, 917, 345]"
2346,"[2007, 2258, 2299, 917, 345]"
2347,"[1125, 1124, 1126, 1128, 1145]"
2348,"[1141, 1180, 799, 1164, 1285]"
2349,"[1131, 1152, 1289, 2421, 2422]"
2350,"[2513, 2422, 2355, 2357, 2360]"
2351,"[1169, 1153, 2513, 322, 1285]"
2352,"[2513, 430, 2422, 2355, 2622]"
2353,"[430, 2422, 2361, 551, 806]"
2354,"[1125, 1124, 1126, 1128, 1145]"
2355,"[2513, 2422, 2360, 2361, 2393]"
2356,"[2513, 430, 2422, 2355, 2622]"
2357,"[2513, 2422, 2355, 2350, 2360]"
2358,"[1277, 1279, 2053, 2240, 2233]"
2359,"[1125, 1124, 1126, 1128, 1145]"
2360,"[2513, 2422, 2355, 2361, 2393]"
2361,"[2422, 551, 806, 2513, 430]"
2362,"[430, 2422, 2353, 2361, 551]"
2363,"[1279, 2022, 2696, 2205, 2622]"
2364,"[1223, 2016, 2430, 2269, 2005]"
2365,"[2005, 2240, 2233, 2299, 2286]"
2367,"[1141, 1277, 1232, 1279, 2021]"
2368,"[1125, 1124, 1126, 1128, 1145]"
2369,"[2300, 1125, 1124, 1126, 1128]"
2370,"[2650, 1180, 567, 799, 1279]"
2371,"[1125, 1124, 1126, 1128, 1145]"
2372,"[1125, 1124, 1126, 1128, 1145]"
2373,"[1125, 1124, 1126, 1128, 1145]"
2374,"[1249, 1236, 1240, 1245, 1275]"
2375,"[1232, 2493, 2515, 2427, 2437]"
2376,"[2300, 1125, 1124, 1126, 1128]"
2377,"[1142, 673, 2037, 2066, 2497]"
2378,"[740, 2513, 430, 2422, 2355]"
2379,"[1135, 1137, 1131, 1144, 1170]"
2380,"[2612, 903, 776, 2474, 2513]"
2381,"[1125, 1124, 1126, 1127, 1160]"
2382,"[1125, 1124, 1126, 1128, 1145]"
2383,"[1131, 1175, 1275, 1134, 1138]"
2384,"[1125, 1124, 1126, 1128, 1145]"
2385,"[2022, 673, 783, 633, 2066]"
2386,"[2300, 1125, 1124, 1126, 1128]"
2387,"[1125, 1124, 1126, 1128, 1145]"
2388,"[2300, 1125, 1124, 1126, 1127]"
2389,"[1125, 1124, 1126, 1128, 1145]"
2390,"[2300, 1166, 1289, 1177, 2241]"
2391,"[2000, 811, 794, 660, 2445]"
2392,"[1294, 673, 2000, 2066, 781]"
2393,"[2513, 2422, 2355, 2360, 2361]"
2394,"[1125, 1124, 1126, 1128, 1145]"
2395,"[1125, 1124, 1126, 1128, 1145]"
2396,"[2513, 2421, 2422, 2355, 2417]"
2397,"[1125, 1124, 1126, 1128, 1145]"
2398,"[567, 2241, 2288, 819, 2300]"
2399,"[1131, 1138, 1152, 1173, 1289]"
2400,"[567, 2011, 2746, 2241, 323]"
2401,"[1125, 1124, 1126, 1128, 1145]"
2402,"[1153, 1285, 430, 2421, 2422]"
2403,"[2513, 430, 2421, 2422, 2355]"
2404,"[2493, 2362, 2426, 2424, 2245]"
2405,"[2493, 2426, 2424, 672, 2515]"
2406,"[1125, 1124, 1126, 1128, 1145]"
2407,"[2513, 2421, 2422, 2355, 2417]"
2408,"[2055, 2239, 2299, 2501, 2738]"
2409,"[1125, 1132, 1147, 1136, 1161]"
2410,"[1125, 1124, 1126, 1127, 1160]"
2411,"[1125, 1124, 1126, 1128, 1145]"
2412,"[1125, 1124, 1126, 1128, 1145]"
2413,"[2300, 1125, 1124, 1126, 1127]"
2414,"[1125, 1124, 1126, 1128, 1145]"
2415,"[2040, 1276, 2052, 2591, 2597]"
2416,"[2513, 430, 2422, 2355, 2622]"
2417,"[2513, 2421, 2422, 2355, 2360]"
2418,"[2300, 1125, 1124, 1126, 1127]"
2419,"[1153, 1285, 430, 2421, 2422]"
2420,"[1169, 1153, 2513, 322, 1285]"
2421,"[2422, 2361, 551, 806, 540]"
2422,"[2361, 551, 806, 2513, 430]"
2423,"[567, 1273, 1279, 2011, 2560]"
2424,"[2493, 2426, 672, 2515, 2405]"
2425,"[567, 1273, 1279, 2011, 2560]"
2426,"[2493, 2424, 672, 2515, 2405]"
2427,"[2493, 2515, 1232, 2205, 2622]"
2428,"[2513, 430, 2422, 2355, 2622]"
2429,"[2513, 430, 2422, 2355, 2622]"
2430,"[2016, 2269, 2007, 613, 2258]"
2431,"[2622, 538, 776, 597, 2205]"
2432,"[2005, 2240, 2233, 2365, 2299]"
2433,"[1125, 1124, 1126, 1128, 1145]"
2434,"[2493, 2404, 2362, 2426, 2424]"
2435,"[2255, 777, 654, 2251, 406]"
2436,"[2016, 2430, 2269, 2007, 613]"
2437,"[1232, 2493, 2375, 2515, 2427]"
2438,"[776, 2022, 633, 2205, 2622]"
2439,"[2300, 1125, 1124, 1126, 1128]"
2440,"[1169, 1153, 2513, 1285, 2056]"
2441,"[1125, 1132, 1167, 700, 798]"
2442,"[2300, 641, 1152, 1166, 1289]"
2443,"[2022, 2205, 2622, 333, 2431]"
2444,"[567, 2011, 2241, 323, 2697]"
2445,"[1279, 2053, 2000, 2299, 2391]"
2446,"[1135, 1137, 1131, 1144, 1170]"
2447,"[2299, 917, 2236, 2495, 559]"
2448,"[1125, 1124, 1126, 1128, 1145]"
2449,"[2300, 1125, 1124, 1126, 1128]"
2450,"[1141, 1277, 1232, 1279, 2021]"
2451,"[567, 1279, 2746, 1294, 2241]"
2452,"[2040, 1276, 2052, 2591, 2597]"
2453,"[2513, 2421, 2422, 2355, 2417]"
2454,"[2513, 430, 2422, 2355, 2622]"
2455,"[2622, 2431, 740, 538, 2378]"
2456,"[2300, 1125, 1124, 1126, 1128]"
2457,"[1135, 1175, 1156, 2063, 1221]"
2458,"[1142, 1165, 2068, 1285, 2072]"
2459,"[2421, 2422, 300, 2361, 551]"
2460,"[2300, 1125, 1124, 1126, 1128]"
2461,"[1279, 2022, 2696, 2205, 2622]"
2462,"[1125, 1132, 1147, 1136, 1161]"
2463,"[1135, 1137, 1131, 1144, 1170]"
2464,"[1151, 2241, 426, 2297, 2299]"
2465,"[1135, 1137, 1131, 1144, 1170]"
2466,"[1151, 2241, 426, 2297, 2299]"
2467,"[1279, 2022, 2696, 2205, 2622]"
2468,"[1135, 1137, 1131, 1144, 1170]"
2469,"[2300, 1125, 1124, 1126, 1128]"
2470,"[2300, 1125, 1124, 1126, 1128]"
2471,"[1232, 1142, 328, 1165, 2068]"
2472,"[1169, 1153, 2513, 322, 1285]"
2473,"[2300, 1125, 1124, 1126, 1128]"
2474,"[2612, 2380, 903, 776, 2513]"
2475,"[2501, 1141, 1131, 1277, 1138]"
2476,"[2205, 2622, 2211, 2431, 538]"
2477,"[1232, 1142, 328, 1165, 2068]"
2478,"[2269, 2087, 344, 2240, 2233]"
2479,"[2513, 322, 1285, 430, 2546]"
2480,"[2300, 1125, 1124, 1126, 1128]"
2481,"[1141, 1180, 799, 1164, 1285]"
2482,"[1285, 808, 2330, 2755, 1141]"
2483,"[567, 1273, 1279, 2011, 2560]"
2484,"[1249, 1236, 1240, 1245, 1275]"
2485,"[2513, 322, 1285, 430, 2546]"
2486,"[1169, 1153, 2513, 322, 1285]"
2487,"[2300, 2612, 2380, 903, 776]"
2488,"[1125, 1124, 1126, 1128, 1145]"
2489,"[1169, 1153, 2513, 322, 1285]"
2490,"[1169, 1153, 2513, 322, 1285]"
2491,"[1141, 1277, 1232, 1279, 2021]"
2492,"[1125, 1124, 1126, 1128, 1145]"
2493,"[2515, 2622, 2455, 2431, 2426]"
2494,"[2300, 1125, 1124, 1126, 1127]"
2495,"[2236, 2241, 2300, 2524, 2705]"
2496,"[2300, 1125, 1124, 1126, 1128]"
2497,"[1142, 673, 2037, 2066, 2377]"
2498,"[2300, 1125, 1124, 1126, 1128]"
2499,"[1125, 1124, 1126, 1127, 1160]"
2500,"[1131, 1152, 1289, 2421, 2422]"
2501,"[1131, 1152, 1289, 2421, 2055]"
2502,"[1131, 1152, 1289, 2421, 2422]"
2503,"[1131, 1138, 1152, 1173, 1289]"
2504,"[2240, 2233, 2299, 2286, 630]"
2505,"[1135, 1137, 1131, 1144, 1170]"
2506,"[2300, 1125, 1124, 1126, 1128]"
2507,"[1294, 673, 2000, 2066, 2392]"
2508,"[832, 410, 723, 395, 403]"
2509,"[1232, 1142, 328, 1165, 2068]"
2510,"[1125, 1124, 1126, 1128, 1145]"
2511,"[1135, 1137, 1131, 1144, 1170]"
2512,"[1125, 1124, 1126, 1128, 1145]"
2513,"[2422, 2355, 2360, 2361, 2393]"
2514,"[1125, 1124, 1126, 1128, 1145]"
2515,"[2493, 2622, 2455, 2431, 2426]"
2516,"[1125, 1124, 1126, 1128, 1145]"
2517,"[1135, 1137, 1131, 1144, 1170]"
2518,"[2513, 430, 2422, 2355, 2622]"
2519,"[2002, 2014, 1291, 1284, 2241]"
2520,"[1135, 1137, 1131, 1144, 1170]"
2521,"[1125, 1124, 1126, 1127, 1160]"
2522,"[1135, 1137, 1131, 1144, 1170]"
2523,"[1135, 1137, 1131, 1144, 1170]"
2524,"[2241, 2236, 567, 2288, 819]"
2525,"[1135, 1137, 1131, 1144, 1170]"
2526,"[1135, 1137, 1131, 1144, 1170]"
2527,"[1135, 1137, 1131, 1144, 1170]"
2528,"[1125, 1124, 1126, 1128, 1145]"
2529,"[1135, 1137, 1131, 1144, 1170]"
2530,"[1125, 1132, 1167, 700, 798]"
2531,"[2300, 1125, 1124, 1126, 1127]"
2532,"[1135, 1137, 1131, 1144, 1170]"
2533,"[1135, 1137, 1131, 1144, 1170]"
2534,"[2300, 1166, 1289, 1177, 2241]"
2535,"[1125, 1124, 1126, 1128, 1145]"
2536,"[1135, 1137, 1131, 1144, 1170]"
2537,"[1135, 1137, 1131, 1144, 1170]"
2538,"[1135, 1137, 1131, 1144, 1170]"
2539,"[2300, 1125, 1124, 1126, 1128]"
2540,"[1169, 1153, 2513, 1285, 2056]"
2542,"[2300, 1125, 1124, 1126, 1128]"
2543,"[567, 2011, 2746, 2241, 323]"
2544,"[1232, 2022, 2053, 2055, 2205]"
2545,"[1125, 1124, 1126, 1128, 1145]"
2546,"[2513, 322, 1285, 430, 2422]"
2547,"[1169, 1153, 2513, 1285, 2056]"
2548,"[1135, 1137, 1131, 1144, 1170]"
2549,"[2300, 1125, 1124, 1126, 1127]"
2550,"[2040, 1276, 2052, 2591, 2597]"
2551,"[1135, 1137, 1131, 1144, 1170]"
2552,"[2300, 1125, 1124, 1126, 1128]"
2553,"[1135, 1137, 1131, 1144, 1170]"
2554,"[2300, 1125, 1124, 1126, 1128]"
2555,"[1135, 1137, 1131, 1144, 1170]"
2556,"[1135, 1137, 1131, 1144, 1170]"
2557,"[1125, 1124, 1126, 1128, 1145]"
2558,"[1135, 1137, 1131, 1144, 1170]"
2559,"[2002, 2014, 1291, 1284, 2241]"
2560,"[567, 1273, 1279, 2011, 2746]"
2561,"[2300, 1125, 1124, 1126, 1128]"
2562,"[2300, 1125, 1124, 1126, 1128]"
2563,"[1125, 1124, 1126, 1128, 1145]"
2564,"[1135, 1137, 1131, 1144, 1170]"
2565,"[2007, 2258, 2299, 917, 345]"
2566,"[2300, 1125, 1124, 1126, 1128]"
2567,"[1273, 1264, 1228, 2086, 2268]"
2568,"[2459, 1131, 1152, 1289, 2002]"
2569,"[1125, 1124, 1126, 1128, 1145]"
2570,"[2300, 1125, 1124, 1126, 1128]"
2571,"[1125, 1124, 1126, 1127, 1160]"
2572,"[1125, 1124, 1126, 1128, 1145]"
2573,"[1135, 1137, 1131, 1144, 1170]"
2574,"[1135, 1137, 1131, 1144, 1170]"
2575,"[1135, 1137, 1131, 1144, 1170]"
2576,"[1135, 1137, 1131, 1144, 1170]"
2577,"[1135, 1137, 1131, 1144, 1170]"
2578,"[2300, 1125, 1124, 1126, 1128]"
2579,"[1125, 1124, 1126, 1128, 1145]"
2580,"[2241, 895, 1125, 1124, 1126]"
2581,"[1131, 1138, 1152, 1173, 1289]"
2582,"[2300, 1125, 1124, 1126, 1128]"
2583,"[1135, 1137, 1131, 1144, 1170]"
2584,"[2300, 1125, 1124, 1126, 1128]"
2585,"[1135, 1137, 1131, 1144, 1170]"
2586,"[1135, 1137, 1131, 1144, 1170]"
2587,"[1148, 1245, 1129, 1139, 1175]"
2588,"[1285, 430, 2422, 412, 2353]"
2589,"[1131, 1152, 1289, 2421, 2422]"
2590,"[1125, 1132, 1147, 1136, 1161]"
2591,"[2040, 1276, 2052, 2597, 2415]"
2592,"[1125, 1124, 1126, 1128, 1145]"
2593,"[970, 1135, 1175, 1156, 2040]"
2594,"[2040, 1276, 2052, 2591, 2597]"
2595,"[2040, 1276, 2052, 2591, 2597]"
2596,"[972, 2203, 970, 1101, 1152]"
2597,"[2106, 977, 1131, 1138, 1152]"
2598,"[2040, 1276, 2052, 2591, 2597]"
2599,"[2040, 1276, 2052, 2591, 2597]"
2600,"[1276, 2106, 976, 1249, 1236]"
2601,"[2040, 1276, 2052, 2591, 2597]"
2602,"[673, 2037, 2066, 2086, 781]"
2604,"[2605, 2606, 1232, 1273, 1264]"
2605,"[2604, 2606, 1232, 1273, 1264]"
2606,"[633, 2324, 903, 666, 567]"
2607,"[2300, 1125, 1124, 1126, 1127]"
2608,"[2300, 1125, 1124, 1126, 1127]"
2609,"[1294, 673, 2000, 2066, 2392]"
2610,"[1232, 1142, 328, 1165, 2068]"
2611,"[2300, 1125, 1124, 1126, 1128]"
2612,"[2380, 903, 776, 2474, 2513]"
2613,"[2660, 475, 503, 1156, 2044]"
2614,"[2300, 1125, 1124, 1126, 1127]"
2615,"[2241, 2300, 2236, 2524, 887]"
2616,"[567, 2011, 2241, 323, 2697]"
2617,"[1142, 1165, 2068, 1285, 2072]"
2618,"[1175, 1156, 1221, 2037, 329]"
2619,"[1249, 1236, 1240, 1275, 1232]"
2620,"[1223, 2016, 2430, 2269, 2005]"
2621,"[1125, 1124, 1126, 1127, 1160]"
2622,"[2431, 538, 776, 597, 2205]"
2623,"[2002, 2014, 1291, 1284, 2241]"
2624,"[2269, 630, 345, 2236, 1125]"
2625,"[2714, 839, 2330, 1148, 1169]"
2626,"[2300, 1125, 1124, 1126, 1128]"
2627,"[1125, 1124, 1126, 1127, 1160]"
2628,"[1148, 1245, 1129, 1139, 1175]"
2629,"[567, 2241, 2288, 819, 2300]"
2630,"[1125, 1124, 1126, 1127, 1160]"
2631,"[1125, 1124, 1126, 1127, 1160]"
2632,"[1141, 1277, 1232, 1279, 2021]"
2633,"[2300, 1125, 1124, 1126, 1128]"
2634,"[2300, 1125, 1124, 1126, 1128]"
2635,"[1125, 1124, 1126, 1127, 1160]"
2636,"[1125, 1124, 1126, 1128, 1145]"
2637,"[567, 2011, 2241, 323, 2697]"
2638,"[673, 2066, 2086, 2081, 484]"
2639,"[567, 1279, 2011, 2241, 323]"
2640,"[2300, 1125, 1124, 1126, 1128]"
2641,"[2513, 322, 1285, 430, 2546]"
2642,"[567, 1279, 2746, 1294, 2241]"
2643,"[2300, 1125, 1124, 1126, 1127]"
2644,"[2300, 1125, 1124, 1126, 1127]"
2645,"[2300, 1125, 1124, 1126, 1128]"
2646,"[2300, 1125, 1124, 1126, 1128]"
2647,"[2300, 1125, 1124, 1126, 1127]"
2648,"[1125, 1124, 1126, 1128, 1145]"
2649,"[1232, 1142, 328, 1165, 2068]"
2650,"[2370, 1180, 567, 799, 1279]"
2651,"[2300, 1125, 1124, 1126, 1128]"
2652,"[567, 1273, 1279, 2011, 2560]"
2653,"[1125, 1124, 1126, 1127, 1160]"
2654,"[2300, 567, 2746, 2241, 2288]"
2655,"[2022, 673, 783, 633, 2066]"
2656,"[752, 1279, 1294, 2241, 673]"
2657,"[567, 1273, 1279, 2011, 2560]"
2658,"[1277, 1279, 2053, 2240, 2233]"
2659,"[917, 345, 409, 759, 679]"
2660,"[475, 1156, 2037, 2613, 347]"
2661,"[1232, 1142, 2022, 2072, 2037]"
2662,"[1279, 2022, 2696, 2205, 2622]"
2663,"[567, 1273, 1279, 2011, 2560]"
2664,"[1279, 2022, 2696, 2205, 2622]"
2665,"[1232, 1142, 328, 1165, 2068]"
2666,"[1125, 1124, 1126, 1127, 1160]"
2667,"[2300, 1125, 1124, 1126, 1128]"
2668,"[1279, 2022, 2696, 2205, 2622]"
2669,"[1125, 1124, 1126, 1127, 1160]"
2670,"[2005, 2240, 2233, 2365, 2299]"
2671,"[2300, 2705, 1175, 1275, 1150]"
2672,"[567, 1279, 2241, 783, 2000]"
2673,"[1125, 1124, 1126, 1128, 1145]"
2674,"[1232, 1142, 328, 1165, 2068]"
2675,"[2005, 2240, 2233, 2365, 2299]"
2676,"[1125, 1132, 1167, 700, 798]"
2677,"[1166, 1289, 580, 2300, 366]"
2678,"[1142, 1165, 2068, 1285, 2072]"
2679,"[1279, 2022, 2696, 2205, 2622]"
2680,"[321, 2323, 406, 1279, 2022]"
2682,"[567, 1273, 1279, 2011, 2560]"
2683,"[2790, 2693, 903, 872, 615]"
2684,"[1279, 507, 2286, 2692, 321]"
2685,"[783, 633, 2209, 2211, 2255]"
2686,"[2005, 2240, 2233, 2365, 2299]"
2687,"[1125, 1124, 1126, 1128, 1145]"
2688,"[1142, 1165, 2068, 1285, 2072]"
2689,"[2300, 1125, 1124, 1126, 1127]"
2690,"[2016, 2430, 2269, 2007, 613]"
2691,"[2286, 2230, 801, 2251, 785]"
2692,"[1279, 507, 2286, 321, 2323]"
2693,"[2790, 615, 1125, 1132, 567]"
2694,"[567, 2011, 2241, 323, 2697]"
2695,"[2022, 673, 783, 633, 2066]"
2696,"[1279, 2022, 2205, 2622, 333]"
2697,"[567, 2011, 2241, 323, 633]"
2698,"[1125, 1124, 1126, 1128, 1145]"
2699,"[1125, 1132, 1167, 700, 798]"
2700,"[2022, 2205, 2622, 333, 2431]"
2701,"[567, 2011, 2746, 2241, 323]"
2702,"[1232, 1279, 2022, 673, 783]"
2703,"[2300, 1125, 1124, 1126, 1127]"
2704,"[1232, 1142, 328, 1165, 2068]"
2705,"[2241, 2300, 2086, 2268, 2236]"
2706,"[567, 1279, 2746, 1294, 2241]"
2707,"[567, 2011, 2746, 2241, 323]"
2708,"[567, 1279, 2011, 2241, 323]"
2709,"[2241, 2300, 2615, 2236, 2524]"
2710,"[1125, 1124, 1126, 1128, 1145]"
2711,"[613, 2255, 2286, 777, 2236]"
2712,"[1125, 1124, 1126, 1128, 1145]"
2713,"[355, 575, 397, 1101, 1152]"
2714,"[839, 1142, 2513, 322, 1285]"
2715,"[2300, 1125, 1124, 1126, 1127]"
2716,"[2300, 749, 1125, 1124, 1126]"
2717,"[567, 2241, 2288, 819, 2300]"
2718,"[2300, 567, 2746, 2241, 2288]"
2719,"[2300, 1125, 1124, 1126, 1128]"
2720,"[1125, 1124, 1126, 1128, 1145]"
2722,"[2300, 1125, 1124, 1126, 1128]"
2723,"[1175, 1275, 1150, 1142, 2072]"
2724,"[1125, 1132, 1147, 1136, 1161]"
2725,"[2300, 1125, 1124, 1126, 1127]"
2726,"[2300, 1125, 1124, 1126, 1128]"
2727,"[2205, 2622, 2493, 2282, 2455]"
2728,"[2300, 1166, 1289, 1177, 2241]"
2729,"[1135, 1137, 1131, 1144, 1170]"
2730,"[1125, 1132, 1167, 2035, 2269]"
2732,"[1135, 1137, 1131, 1144, 1170]"
2733,"[2300, 1166, 1289, 1177, 2241]"
2734,"[1135, 1137, 1131, 1144, 1170]"
2735,"[2300, 1125, 1124, 1126, 1127]"
2736,"[1153, 1285, 430, 2421, 2422]"
2737,"[1135, 1137, 1131, 1144, 1170]"
2738,"[2299, 752, 870, 1151, 1279]"
2739,"[1135, 1137, 1131, 1144, 1170]"
2740,"[1135, 1137, 1131, 1144, 1170]"
2741,"[1125, 1124, 1126, 1128, 1145]"
2742,"[2300, 1125, 1124, 1126, 1127]"
2743,"[1135, 1137, 1131, 1144, 1170]"
2744,"[2300, 1166, 1289, 1177, 2241]"
2745,"[1232, 1142, 328, 1165, 2068]"
2746,"[2300, 567, 2241, 2288, 819]"
2747,"[1135, 1137, 1131, 1144, 1170]"
2748,"[1135, 1137, 1131, 1144, 1170]"
2749,"[1223, 2016, 2430, 2269, 2005]"
2750,"[1135, 1137, 1131, 1144, 1170]"
2751,"[2300, 1125, 1124, 1126, 1128]"
2752,"[1279, 2053, 2299, 577, 2342]"
2753,"[2040, 1276, 2052, 2591, 2597]"
2754,"[1135, 1175, 2068, 2072, 2086]"
2755,"[1285, 2513, 322, 430, 2546]"
2756,"[1153, 1285, 430, 2421, 2422]"
2757,"[1249, 1236, 1240, 1245, 1275]"
2758,"[2300, 1125, 1124, 1126, 1127]"
2759,"[2300, 1125, 1124, 1126, 1128]"
2761,"[1161, 1166, 426, 2297, 730]"
2762,"[1273, 1279, 1264, 2022, 1228]"
2763,"[1125, 1124, 1126, 1128, 1145]"
2764,"[2300, 1125, 1124, 1126, 1128]"
2765,"[2300, 1125, 1124, 1126, 1128]"
2766,"[1125, 1124, 1126, 1128, 1145]"
2767,"[1125, 1132, 1167, 2035, 2300]"
2768,"[1135, 1137, 1131, 1144, 1170]"
2769,"[567, 1279, 2241, 2288, 819]"
2770,"[567, 1279, 2241, 783, 2000]"
2771,"[1135, 1137, 1131, 1144, 1170]"
2772,"[2300, 1125, 1124, 1126, 1127]"
2773,"[567, 2011, 2241, 323, 2697]"
2774,"[567, 1279, 2241, 783, 2000]"
2775,"[2513, 1285, 430, 2422, 2355]"
2776,"[2300, 1125, 1124, 1126, 1128]"
2777,"[2007, 2258, 2299, 917, 345]"
2778,"[2300, 1125, 1124, 1126, 1127]"
2779,"[2513, 322, 1285, 430, 2546]"
2780,"[1125, 1124, 1126, 1127, 1160]"
2781,"[567, 1279, 2011, 2241, 323]"
2782,"[1125, 1124, 1126, 1127, 1160]"
2783,"[2300, 1125, 1124, 1126, 1127]"
2784,"[1125, 1132, 1167, 2035, 2300]"
2785,"[567, 2011, 2241, 323, 2697]"
2786,"[1148, 1245, 1129, 1139, 1175]"
2787,"[2022, 673, 783, 633, 2066]"
2788,"[567, 1279, 2746, 1294, 2241]"
2789,"[1101, 1152, 1130, 1156, 1163]"
2790,"[2693, 615, 1125, 1132, 567]"
2791,"[567, 1279, 2746, 1294, 2241]"
2792,"[2300, 1125, 1124, 1126, 1128]"
2793,"[2300, 1125, 1124, 1126, 1128]"
2794,"[2300, 1125, 1124, 1126, 1127]"
2795,"[1169, 1153, 2513, 322, 1285]"
2796,"[633, 2300, 2324, 2606, 2612]"
2797,"[1125, 1124, 1126, 1128, 1145]"
2798,"[1141, 1180, 799, 1164, 1285]"
2799,"[1180, 799, 1285, 2033, 2300]"
